ID,E,S,G,N,Z,W1,W2,W3,W4,W5,W6,W7,W8,W9,W10,W11,W12,W13,W14,W15,W16,W17,W18,W19,W20,W21,W22,W23,W24,W25,W26,W27,W28,W29,W30,Total_W,T1,T2,T3,T4,T5,T6,T7,T8,T9,T10,T11,T12,T13,T14,T15,T16,T17,T18,T19,T20,T21,T22,T23,T24,Total_T,B1,B2,B3,B4,B5,B6,B7,B8,B9,B10,B11,B12,B13,B14,B15,B16,B17,B18,B19,B20,B21,Total_B,S1,S2,S3,S4,S5,S6,S7,S8,S9,S10,S11,S12,S13,S14,S15,S16,S17,S18,S19,S20,Total_S,R1,R2,R3,R4,R5,R6,R7,R8,R9,R10,R11,R12,R13,R14,R15,R16,R17,R18,R19,R20,R21,R22,R23,R24,R25,R26,R27,R28,R29,R30,R31,R32,R33,R34,R35,R36,R37,R38,R39,R40,R41,R42,R43,R44,R45,R46,R47,R48,R49,R50,R51,R52,R53,R54,R55,R56,R57,R58,R59,R60,Total_R
1,15.81,0,5,3,2,5,7,7,4,6,4,7,3,2,7,4,6,4,6,1,3,5,5,6,7,3,3,6,4,5,6,5,6,7,4,148,4,4,2,3,4,4,3,2,3,4,2,3,4,3,2,3,4,3,3,3,5,4,4,3,79,3,0,3,3,3,3,3,3,3,3,3,3,3,3,3,3,3,0,0,3,3,54,51,51,44,20,37,25,34,58,37,49,20,60,51,54,52,34,41,52,44,40,854,31,27,27,25,29,31,26,36,33,23,43,21,25,29,28,23,43,33,27,26,25,24,37,34,32,41,29,34,39,18,37,27,39,48,31,33,14,25,29,40,12,35,28,27,21,22,38,23,43,29,47,38,35,42,19,37,25,30,16,32,1821
2,15.14,1,4,4,3,7,5,6,3,4,4,5,2,4,4,7,6,4,6,2,4,4,6,1,4,6,4,2,7,3,3,6,7,1,6,133,2,4,2,3,2,4,2,3,2,4,3,4,2,1,4,4,2,3,4,2,1,3,5,3,69,2,3,0,3,3,3,1,3,3,3,3,3,3,3,3,3,3,3,3,3,0,54,58,46,55,57,48,66,43,36,42,49,69,44,36,31,49,37,64,60,51,60,1001,22,16,33,18,20,29,32,42,39,34,39,26,28,33,40,25,26,26,30,36,24,18,35,31,32,41,31,30,36,36,19,39,25,31,29,22,29,46,21,36,31,14,6,30,32,32,32,26,37,32,27,21,32,25,38,17,17,31,27,36,1748
3,16.03,0,5,3,1,6,5,3,6,6,7,6,4,7,6,6,4,6,3,7,6,4,7,7,4,4,6,5,6,6,4,3,4,7,6,161,4,3,4,2,3,4,1,3,4,4,4,3,3,3,3,4,2,4,5,4,3,3,3,4,80,3,3,3,3,3,2,3,3,3,3,3,3,0,3,3,0,3,3,2,3,3,55,68,33,53,42,55,41,42,44,45,26,30,60,63,56,56,48,39,52,51,61,965,19,37,32,14,33,38,31,31,47,30,38,49,28,26,37,27,32,27,25,32,41,26,24,37,27,20,12,32,31,32,38,33,18,27,24,38,42,23,27,21,19,6,25,30,29,33,14,36,35,23,17,36,31,19,18,26,23,30,39,35,1730
4,15.4,1,4,2,2,7,1,6,4,6,2,5,6,7,6,3,7,7,7,7,7,5,5,1,7,4,5,6,6,7,5,7,4,6,3,159,2,4,3,3,2,4,2,1,3,2,3,2,4,3,3,3,5,4,3,2,4,4,2,2,70,3,3,2,3,0,3,3,3,3,3,3,3,3,3,3,3,3,3,3,3,3,59,51,55,42,42,56,46,39,55,32,48,43,58,41,22,25,36,26,29,43,59,848,43,27,29,44,34,40,39,33,22,24,30,43,32,35,25,31,24,35,16,39,29,29,18,42,47,23,25,28,28,30,34,39,30,28,32,31,31,22,36,38,22,17,38,23,9,25,32,23,23,26,41,29,42,22,24,38,36,37,36,43,1851
5,15.66,0,4,4,2,6,4,7,4,6,3,7,3,4,3,7,4,5,7,3,4,4,2,5,5,5,4,5,5,4,6,4,4,7,6,143,4,4,4,1,4,4,3,3,4,3,3,3,4,5,3,2,1,2,3,3,4,3,4,2,76,3,3,3,3,3,3,3,3,3,3,3,3,0,1,0,3,3,3,3,3,2,54,43,39,48,41,59,57,35,20,42,64,50,59,30,31,42,38,23,47,20,59,847,42,32,22,19,48,38,28,33,23,33,26,40,35,22,31,39,33,43,34,30,33,22,43,30,23,20,13,25,32,31,28,19,33,30,32,34,39,28,29,34,32,30,44,24,46,39,23,25,38,29,33,37,37,39,28,34,41,29,18,42,1897
6,16.51,1,4,4,2,6,3,7,7,4,7,5,3,2,5,2,6,5,3,7,2,3,5,6,3,4,3,3,6,6,7,6,7,7,5,145,3,3,3,2,3,2,3,2,5,2,3,3,4,4,3,4,4,2,3,4,1,2,2,2,69,3,3,1,3,3,0,3,3,3,3,3,3,3,0,3,3,3,3,3,3,0,52,32,56,39,56,35,55,45,57,56,33,24,43,54,64,43,44,26,46,44,52,904,30,31,36,26,34,25,26,41,28,28,27,33,33,32,24,26,27,30,44,27,35,18,37,25,5,29,23,20,27,34,29,36,22,35,17,24,35,20,29,42,34,31,23,25,33,18,26,38,31,20,33,17,18,31,34,25,33,31,19,19,1689
7,16.07,1,4,2,3,6,7,7,3,6,4,3,3,3,4,4,1,7,5,6,7,6,5,7,1,2,6,2,6,7,7,5,7,4,7,148,4,3,1,4,3,4,1,3,4,3,5,2,2,5,4,2,3,5,5,2,3,3,3,1,75,3,0,3,3,3,3,0,3,3,3,3,3,3,3,3,3,2,1,3,3,0,51,40,48,34,48,67,40,28,62,45,70,49,38,63,36,49,47,57,33,42,25,921,40,30,36,25,25,20,32,34,37,28,38,34,26,23,33,33,28,30,37,31,35,44,22,23,33,35,19,36,28,30,29,35,22,18,39,32,38,38,22,26,20,22,43,23,21,42,11,27,21,39,24,28,34,31,32,37,26,35,20,53,1813
8,15.19,0,4,2,1,6,5,6,6,6,2,4,3,7,1,7,2,3,6,5,7,7,3,3,4,2,1,3,3,5,3,7,7,3,7,134,3,2,5,3,3,4,4,3,4,1,3,4,3,1,3,3,3,3,3,1,1,2,2,3,67,3,3,3,3,3,3,0,3,3,3,3,3,0,3,3,3,3,3,3,3,0,54,63,31,67,50,30,72,46,40,53,42,39,32,54,25,47,44,59,43,43,42,922,42,38,29,20,41,35,36,15,27,26,37,30,15,23,32,36,28,30,27,25,39,47,25,39,31,34,27,40,33,27,30,20,19,21,39,39,35,37,41,24,30,29,45,43,47,35,24,31,36,32,35,36,22,29,39,21,31,24,20,26,1874
9,15.93,1,5,5,1,6,6,6,6,7,6,4,6,3,4,7,6,5,5,6,6,6,4,4,1,5,4,6,4,1,6,5,7,7,7,156,4,1,4,4,3,4,4,3,2,3,4,4,4,2,2,4,2,5,1,3,4,3,4,3,77,3,3,0,3,0,3,3,3,3,0,3,3,0,3,3,3,3,3,3,3,2,50,45,51,42,44,43,51,50,54,41,50,44,40,32,50,37,26,52,58,32,55,897,27,23,25,48,19,41,35,22,18,34,41,14,22,25,45,25,29,28,28,14,46,32,44,26,31,36,26,29,18,25,35,19,25,29,14,21,27,9,23,32,31,22,28,18,23,27,27,42,33,38,38,26,26,29,20,31,15,23,20,41,1668
10,15.82,0,4,3,3,7,7,5,3,7,6,7,5,4,3,5,4,6,3,5,5,7,3,7,2,4,5,5,5,6,4,7,5,4,6,152,3,2,3,5,2,4,3,3,3,4,2,3,2,2,2,4,3,3,3,3,5,3,2,1,70,3,2,3,0,3,3,3,3,3,3,3,3,3,3,0,3,3,3,3,3,3,56,47,25,57,25,20,35,64,31,55,30,38,53,59,28,34,51,71,40,46,47,856,19,42,34,37,27,43,26,13,39,29,30,14,33,26,30,30,29,34,41,28,25,36,25,35,32,35,36,22,31,34,30,45,36,40,36,28,45,38,30,29,28,27,33,26,39,29,37,45,35,30,27,33,27,32,24,31,34,27,29,24,1889
11,15.01,1,5,3,1,4,7,3,2,5,4,6,4,4,3,5,5,2,2,7,7,6,4,5,5,5,6,5,7,7,5,2,6,7,3,143,4,4,3,5,3,3,4,3,2,3,1,3,4,3,5,2,4,1,3,4,2,2,2,4,74,3,3,0,0,3,3,0,3,3,3,2,1,0,3,3,3,3,3,1,3,0,43,43,50,41,53,60,42,70,42,33,52,34,29,42,25,44,43,33,51,30,42,859,5,37,46,35,33,34,42,23,48,25,34,33,42,31,22,26,31,26,42,22,26,26,27,33,24,27,27,26,27,26,30,23,28,33,27,21,32,30,26,29,24,26,34,40,46,26,29,27,40,31,27,34,17,11,33,20,37,29,15,25,1756
12,17,0,4,2,3,3,4,5,4,6,4,3,4,1,4,1,6,4,4,7,6,6,5,5,7,2,2,7,5,5,6,4,2,6,4,132,1,4,3,5,4,3,2,3,2,3,3,3,2,3,3,1,3,4,2,3,4,5,5,4,75,3,3,3,1,3,3,3,3,3,3,3,0,3,3,3,3,3,3,3,3,3,58,52,47,54,61,40,26,57,45,49,41,51,54,54,32,62,40,39,49,32,46,931,40,34,31,30,43,33,31,33,30,29,28,31,27,28,22,28,38,32,22,26,32,22,26,16,6,27,32,39,13,34,19,21,23,16,19,19,27,33,26,39,35,35,17,40,38,33,33,34,27,24,24,20,44,24,40,44,27,29,15,27,1715
13,15.46,0,5,4,3,4,6,3,6,4,7,3,6,1,5,5,3,4,1,1,2,6,6,7,5,3,3,4,6,4,6,2,5,7,5,130,2,3,3,3,2,4,1,4,4,4,5,3,1,3,2,2,2,3,2,4,3,3,3,3,69,3,3,3,3,3,3,3,3,3,3,3,3,3,3,3,3,3,3,3,3,3,63,34,35,49,30,52,73,37,23,30,54,29,35,47,34,27,43,41,41,54,57,825,34,22,20,24,28,34,33,24,24,27,31,35,34,32,27,33,23,14,16,11,10,24,37,23,39,23,31,33,29,27,16,29,36,18,22,35,39,29,28,27,33,36,26,30,36,22,35,31,34,48,18,42,25,41,23,32,34,39,25,32,1723
14,16.08,0,5,4,2,5,7,5,1,5,2,5,5,7,1,5,5,7,5,4,5,5,5,7,3,5,6,4,5,7,7,6,4,5,1,144,4,3,4,1,4,3,2,2,2,5,2,3,3,3,2,5,4,3,2,1,3,4,5,2,72,3,0,0,3,3,3,0,3,3,0,3,3,3,3,3,1,3,3,3,3,3,49,50,46,32,51,61,43,61,38,42,36,33,30,44,45,51,47,55,48,50,33,896,14,41,27,36,39,38,28,17,17,32,22,27,28,31,34,27,35,38,31,40,50,31,21,27,16,42,30,38,30,31,29,34,28,41,30,33,32,26,26,29,28,40,34,31,26,28,44,30,37,26,49,25,10,52,38,39,28,35,26,25,1877
15,14.44,0,5,5,3,3,6,7,5,4,7,4,7,3,5,7,3,7,1,5,4,4,7,4,6,4,4,1,5,2,4,3,7,6,7,142,2,3,5,3,3,2,3,1,4,2,3,3,2,2,1,3,3,3,4,2,3,2,2,2,63,3,3,1,3,3,0,3,3,3,3,3,3,3,3,2,3,3,3,3,3,3,57,37,58,54,51,42,56,32,29,53,41,40,54,45,59,33,45,48,39,78,60,954,37,28,26,37,23,38,25,27,31,39,39,30,27,27,28,26,35,31,24,46,22,37,31,18,35,20,19,28,30,17,47,15,17,28,28,29,26,41,27,32,34,33,30,21,45,20,29,26,34,17,34,29,23,44,28,22,29,24,39,30,1762
16,15.51,0,4,3,1,5,1,5,5,6,7,3,6,3,4,2,5,4,4,4,1,7,6,4,3,5,1,6,7,4,7,3,4,1,6,129,2,3,3,3,2,1,4,2,3,2,4,3,2,3,2,3,3,4,2,1,2,4,5,2,65,3,0,3,3,3,0,3,3,3,3,3,3,3,3,3,0,3,3,3,3,3,54,59,50,71,46,38,55,37,54,48,57,38,62,52,63,51,65,45,35,36,27,989,24,32,44,24,32,25,35,19,25,32,33,38,43,29,20,33,14,38,29,48,33,35,35,38,44,47,31,23,34,26,45,41,14,24,21,19,25,26,21,32,29,28,27,35,33,46,24,36,44,31,31,33,23,41,29,23,20,30,22,38,1854
17,15.38,1,4,2,2,7,7,6,7,5,5,6,6,3,3,4,7,4,7,6,6,1,3,3,7,7,5,7,3,4,7,5,7,5,7,160,3,4,3,4,3,3,4,2,3,2,3,3,2,2,2,3,2,4,5,2,2,2,3,2,68,3,3,3,3,3,3,3,3,3,3,3,3,3,3,3,3,3,3,3,3,3,63,57,50,64,34,45,41,58,54,50,50,47,58,56,35,52,38,36,37,41,59,962,25,34,40,34,45,30,32,28,26,21,29,36,29,28,42,26,28,46,39,38,35,27,37,31,27,30,26,35,31,29,18,34,34,30,28,27,40,40,30,17,19,31,20,24,38,41,20,23,31,30,23,22,20,37,33,23,13,39,43,32,1824
18,15.98,0,5,4,3,3,5,4,6,6,3,7,4,5,4,4,5,7,4,5,3,5,3,3,6,4,1,4,7,1,5,5,6,2,4,131,4,4,3,4,4,4,3,2,2,2,5,3,3,3,4,3,4,2,3,3,2,3,4,2,76,0,3,3,3,3,3,1,0,3,3,3,3,3,3,3,3,3,3,3,3,3,55,44,41,37,41,49,50,64,51,39,35,63,57,47,29,50,64,42,45,43,32,923,31,29,30,39,16,35,36,24,22,35,41,35,37,29,44,34,40,22,16,18,43,23,40,38,44,22,26,40,25,33,26,21,37,29,33,10,28,31,31,29,45,49,21,12,34,33,31,30,45,28,31,20,30,32,37,33,20,26,30,31,1840
19,15.71,0,5,2,1,5,7,4,6,4,7,3,2,6,6,4,3,4,6,7,6,5,2,4,4,5,5,2,1,6,6,3,6,6,6,141,4,3,5,3,3,4,1,3,3,4,3,1,3,2,2,4,1,2,2,1,3,4,3,3,67,3,3,3,3,2,3,3,3,3,3,0,3,0,3,3,3,3,3,3,3,3,56,67,28,69,56,53,44,59,45,54,31,58,54,43,42,29,32,33,34,55,51,937,32,18,35,7,38,32,40,27,31,42,29,39,26,19,21,18,42,31,37,37,31,29,48,31,27,21,26,32,30,39,24,33,34,46,22,29,26,26,33,21,36,32,36,32,43,28,49,16,37,18,22,53,17,19,37,25,24,43,53,33,1862
20,16.35,1,5,5,3,7,2,2,7,6,6,3,7,4,4,1,2,7,5,5,5,3,3,7,1,7,7,7,6,7,2,4,5,3,6,141,3,4,4,3,3,4,2,3,2,4,4,2,4,4,3,3,4,3,2,2,2,4,1,3,73,3,3,3,3,3,3,3,3,3,3,3,3,0,1,3,3,3,3,3,3,3,58,55,44,73,43,48,47,50,49,49,42,36,32,42,59,39,44,40,53,38,63,946,42,28,21,26,27,23,29,29,29,21,32,18,39,29,41,41,21,29,41,34,35,25,37,23,26,27,27,39,33,29,33,33,26,28,41,21,27,27,30,26,30,33,21,30,33,40,15,31,25,27,27,31,34,32,28,32,25,28,42,42,1799
21,15.3,0,4,3,3,5,6,3,6,7,4,6,7,7,7,4,3,7,5,2,6,5,6,6,6,5,5,7,4,1,7,5,4,6,3,155,3,2,3,2,4,4,3,3,3,3,3,3,2,4,3,3,4,4,4,3,3,5,3,1,75,3,3,3,0,3,0,3,0,3,3,3,3,3,3,3,0,3,3,3,3,3,51,46,70,49,34,48,50,20,34,32,65,36,20,38,40,37,62,50,50,25,55,861,41,40,33,22,24,31,20,42,25,18,35,23,19,38,28,30,41,32,25,41,18,42,23,28,24,33,23,25,29,25,35,29,40,22,23,30,22,16,37,20,25,29,38,37,15,28,36,24,42,25,39,0,38,29,25,32,41,29,33,31,1748
22,15.56,0,4,3,3,5,3,6,3,7,5,3,5,4,7,1,5,5,4,7,6,5,6,6,5,2,7,3,4,6,7,5,7,2,7,148,4,2,2,3,3,3,2,3,4,5,4,2,3,3,5,2,2,3,2,2,2,4,2,4,71,3,3,3,3,3,3,3,3,0,3,3,3,3,3,3,3,1,3,3,3,3,58,47,21,60,46,35,45,35,31,32,46,35,42,26,55,49,73,32,43,34,64,851,30,23,21,38,46,36,15,29,36,30,34,20,40,32,30,32,35,32,24,34,33,35,26,31,26,32,17,36,25,33,23,34,21,33,30,24,23,47,28,20,18,33,28,26,27,23,36,33,29,28,37,29,30,21,9,29,35,35,30,28,1758
23,16.33,0,4,4,2,7,5,3,3,4,6,4,5,3,5,5,1,3,3,7,3,7,6,7,7,7,4,3,1,4,5,7,4,7,6,142,4,2,2,2,1,2,3,3,1,2,4,3,5,5,3,3,3,3,2,2,4,3,5,2,69,3,3,3,3,3,3,3,3,3,3,3,3,3,3,3,3,3,3,3,3,3,63,30,39,53,35,50,60,43,20,37,37,60,42,38,56,61,45,43,46,20,43,858,24,25,31,27,31,29,52,55,29,16,20,31,34,26,38,47,17,28,33,28,39,47,33,21,29,43,22,42,11,29,15,24,46,42,30,12,32,35,11,17,30,31,36,32,8,29,36,36,16,31,27,36,13,32,20,18,25,20,22,17,1716
24,15.29,0,5,2,2,4,2,3,7,3,6,7,3,4,4,3,7,4,4,4,3,7,6,6,6,6,4,5,4,4,7,6,7,3,7,146,4,4,4,3,2,4,2,5,4,2,4,1,2,4,2,2,4,5,2,1,4,2,2,1,70,3,3,3,3,3,2,3,3,3,3,3,3,3,3,0,3,3,3,3,3,1,57,30,53,47,31,49,24,20,46,37,50,38,49,50,33,43,33,50,37,53,31,804,35,37,32,20,41,31,24,29,25,41,33,28,53,17,33,29,29,38,18,26,33,40,33,27,16,36,28,30,37,24,30,30,31,29,28,34,30,28,36,27,25,15,33,35,13,44,22,42,19,17,30,29,36,24,33,43,40,31,35,31,1823
25,16.64,0,5,4,2,5,6,5,3,7,7,3,7,2,5,3,7,4,7,4,6,6,6,7,3,4,4,2,7,4,4,7,7,4,1,147,4,3,3,3,4,5,3,3,4,3,1,2,3,2,2,3,4,3,4,3,3,3,5,4,77,0,3,3,3,3,3,3,3,3,3,3,0,3,3,3,3,0,3,3,3,3,54,20,21,27,58,34,61,55,27,32,47,65,53,41,60,47,32,57,39,46,47,869,32,33,31,31,29,28,21,20,38,22,27,20,34,24,32,41,26,27,33,37,24,32,25,28,31,29,37,26,24,9,22,29,36,25,44,28,28,51,38,35,28,15,41,41,30,24,49,32,18,31,24,37,22,25,27,32,32,15,30,30,1770
26,14.54,1,5,3,1,5,6,7,7,7,7,2,1,4,6,7,5,2,3,5,6,5,6,7,4,1,7,4,2,5,6,7,6,2,5,147,4,4,2,3,2,2,3,3,3,3,3,1,4,3,3,3,3,2,3,3,5,3,4,5,74,3,3,3,3,3,3,3,3,3,3,3,3,3,3,3,3,3,3,3,3,0,60,60,52,40,50,26,55,52,39,62,47,30,40,65,60,44,42,52,41,60,40,957,27,21,34,23,28,30,22,38,25,40,25,16,43,40,24,27,23,21,39,22,34,36,33,31,21,37,23,27,30,29,39,30,40,35,23,25,29,21,31,28,30,38,28,31,15,27,36,32,30,25,18,20,26,28,36,28,39,13,32,20,1722
27,17,0,5,4,3,6,3,4,4,5,7,5,6,7,6,5,7,5,2,2,5,4,6,7,2,6,7,4,4,7,3,4,7,6,6,152,3,4,2,3,2,4,1,2,2,3,4,3,3,4,5,4,3,2,2,3,3,3,2,2,69,3,3,3,3,3,3,0,3,3,3,3,3,3,3,3,3,0,3,3,3,0,54,43,47,52,23,38,35,44,47,45,50,48,35,32,39,48,46,60,34,62,39,867,26,22,19,47,25,35,27,30,32,39,25,22,22,26,37,29,30,26,39,31,30,45,39,21,21,22,26,30,37,19,17,28,19,30,21,38,35,26,23,33,9,23,25,45,37,23,28,35,41,36,23,11,22,29,32,32,16,24,25,19,1684
28,16.89,1,4,3,1,3,4,7,6,5,6,7,5,5,7,7,3,3,4,3,7,7,2,3,5,4,7,5,6,2,4,1,2,5,7,142,3,3,2,3,3,2,3,1,4,3,3,3,3,2,3,4,4,4,2,4,1,3,2,4,69,3,3,3,3,3,3,3,3,3,3,3,0,3,3,0,1,3,3,3,3,3,55,52,62,55,43,38,33,41,37,27,32,53,43,61,68,40,51,32,53,53,60,934,29,23,36,32,40,21,30,31,13,29,47,21,37,37,23,25,34,20,36,30,19,39,22,27,32,40,17,18,35,41,22,33,35,33,37,31,34,29,40,18,23,30,14,22,31,39,43,21,25,31,21,21,42,28,38,19,36,30,30,24,1764
29,15.96,1,4,4,1,6,6,1,6,6,4,2,6,6,7,5,4,7,4,1,7,5,3,6,6,4,2,5,6,6,3,6,6,7,6,149,5,2,3,4,3,3,2,3,5,2,3,3,3,2,3,3,5,3,2,4,2,4,3,3,75,0,1,1,3,3,3,3,3,3,3,3,3,3,3,2,3,3,3,3,3,3,55,35,33,41,52,41,46,40,40,52,33,27,63,50,66,51,21,42,31,63,37,864,35,13,21,30,26,26,25,28,26,32,28,19,26,39,31,36,29,27,38,30,31,43,36,18,28,26,40,32,21,13,32,29,28,43,43,29,31,22,34,33,36,37,22,33,37,38,25,28,20,40,17,25,18,21,26,37,26,43,44,38,1788
30,16.42,1,5,3,3,6,5,7,3,6,5,5,6,2,3,5,6,6,3,4,2,4,4,4,7,4,5,3,7,5,3,6,7,6,1,140,4,3,5,2,4,3,3,5,2,4,3,2,5,2,3,5,4,4,2,3,4,2,3,3,80,0,3,3,3,3,3,3,3,3,1,2,3,3,3,3,3,3,3,3,3,3,57,50,35,53,42,57,46,61,43,39,60,40,44,42,59,69,39,50,31,30,26,916,43,17,31,23,30,10,48,33,30,39,30,44,29,18,31,39,35,25,42,23,27,42,31,47,33,30,32,22,19,33,39,38,34,46,43,26,50,24,26,31,46,34,25,29,36,42,34,29,33,38,15,45,18,28,6,25,25,30,30,26,1887
31,17,0,5,3,3,5,7,5,7,3,5,7,6,4,5,4,4,3,4,5,7,7,2,7,4,4,7,7,3,7,5,5,5,5,4,153,4,3,4,3,4,2,2,3,3,5,3,4,3,3,2,4,4,2,3,5,3,5,5,2,81,3,0,3,3,0,3,3,0,0,3,3,3,3,3,3,3,3,3,3,3,3,51,53,62,38,41,57,44,66,38,64,26,58,49,48,48,65,41,54,42,55,45,994,35,26,30,36,28,34,27,24,26,30,18,37,32,23,21,39,33,45,25,31,27,31,15,19,33,33,35,23,12,53,25,15,39,26,32,29,39,38,51,14,34,30,22,35,25,16,22,23,21,24,20,31,31,26,27,38,36,23,43,34,1750
32,15.78,1,4,3,4,6,3,7,5,7,6,4,2,5,4,5,5,4,5,6,7,6,3,7,4,7,7,1,2,2,5,7,2,7,7,148,2,3,4,4,5,4,3,4,3,5,3,3,3,3,4,2,5,2,4,2,3,2,4,2,79,3,3,3,3,3,3,3,3,2,3,3,3,3,3,3,3,3,0,3,3,3,59,39,39,38,24,43,49,57,43,29,31,57,53,40,43,33,62,41,55,48,28,852,29,28,36,40,24,33,22,22,30,27,34,34,33,36,14,33,32,27,43,32,34,25,20,25,38,40,34,33,12,18,39,46,42,32,23,33,36,32,40,17,45,23,29,31,37,31,39,17,44,32,39,30,27,31,36,25,35,26,29,55,1889
33,15.2,1,4,4,3,7,7,5,5,3,5,7,7,5,6,1,4,7,5,6,5,7,6,6,7,3,3,4,4,5,5,4,7,5,4,155,3,4,4,4,2,4,5,4,4,3,2,3,1,3,1,3,4,3,5,2,4,2,2,4,76,3,0,0,3,3,3,3,0,3,3,3,3,3,3,3,3,3,3,3,3,3,54,29,51,20,36,53,43,45,40,30,51,35,34,37,31,29,29,32,26,47,40,738,11,31,26,36,22,42,23,23,26,35,29,32,36,38,20,33,20,20,47,29,39,31,27,22,25,45,30,41,24,29,30,38,19,20,31,36,37,22,25,25,35,36,30,29,22,32,33,37,35,25,26,23,20,27,32,30,13,39,38,28,1765
34,16.08,0,4,2,1,2,6,5,4,4,7,6,3,4,1,6,4,6,2,7,2,5,7,5,4,5,7,6,7,7,6,6,4,1,1,140,1,2,3,2,3,3,4,2,2,3,2,2,4,5,3,3,2,2,3,1,2,4,2,1,61,3,3,1,3,3,3,3,3,0,3,0,3,3,3,3,3,3,3,3,3,3,55,34,29,51,45,39,43,28,37,45,45,32,34,32,43,25,55,40,48,57,58,820,25,38,26,22,43,26,26,38,19,39,24,32,48,47,33,36,40,35,24,28,28,45,16,41,33,34,47,26,8,26,29,15,25,30,38,26,24,28,35,35,47,24,34,34,24,40,37,19,28,38,37,45,18,40,42,29,44,38,26,34,1916
35,14,1,4,3,2,7,5,4,4,1,6,4,7,3,5,7,1,4,7,6,5,7,5,7,3,7,7,3,6,7,3,7,4,6,4,152,3,3,1,2,3,3,3,5,2,3,2,4,3,3,4,3,5,3,3,3,5,4,2,1,73,3,3,1,3,3,3,3,3,3,3,3,3,3,3,3,3,3,3,3,3,3,61,50,54,59,71,47,49,47,53,58,33,64,46,48,48,29,23,60,33,60,54,986,25,28,32,40,49,15,26,29,27,36,36,22,28,39,27,29,17,39,46,31,29,34,35,28,11,17,31,42,39,37,22,31,28,35,28,40,29,16,28,34,39,16,27,26,45,46,23,30,36,43,29,44,25,22,19,23,31,47,12,45,1843
36,14.69,0,4,1,1,3,6,6,2,6,3,5,3,3,6,4,5,3,1,3,6,7,6,6,3,7,5,5,5,7,7,4,5,7,4,143,3,3,4,2,3,3,3,3,2,1,2,4,3,2,2,5,5,4,2,4,2,3,2,5,72,3,3,3,3,3,3,0,0,3,3,3,3,3,3,3,3,3,3,3,2,0,53,50,42,34,32,42,46,43,62,51,37,57,41,59,46,52,50,30,48,49,72,943,36,35,31,27,17,26,38,39,33,29,40,24,25,35,12,49,40,29,25,31,22,22,44,8,27,29,17,32,27,39,51,37,23,27,28,39,29,26,17,47,36,23,26,28,20,37,41,24,20,32,26,28,18,33,34,30,22,28,16,35,1769
37,15.86,1,5,5,3,7,7,6,7,1,6,5,5,6,3,5,7,2,4,3,7,4,5,5,7,7,5,7,5,7,3,1,5,4,2,148,3,3,4,2,4,3,3,3,3,2,2,2,4,3,2,3,3,4,1,3,3,4,5,4,73,3,3,0,0,0,3,3,3,3,0,3,3,3,3,3,3,3,3,3,3,3,51,48,50,55,43,46,22,51,46,37,54,35,62,33,73,35,54,44,20,46,39,893,40,32,36,21,29,23,30,23,41,38,14,29,18,33,29,43,39,26,12,28,9,24,25,19,40,31,39,40,26,23,16,21,31,28,20,31,37,22,40,37,18,21,39,22,29,32,22,33,34,44,36,22,43,28,36,24,29,38,23,37,1753
38,15.7,1,4,5,2,7,7,3,6,7,5,7,2,2,7,6,3,7,6,5,4,4,1,6,2,5,2,7,5,2,3,7,6,7,6,147,4,4,3,5,4,3,4,4,3,2,4,4,4,2,4,3,4,3,3,3,4,4,2,5,85,1,3,3,0,3,0,3,3,3,3,3,3,3,3,3,3,3,3,0,3,3,52,50,51,48,50,52,32,43,27,69,77,42,52,20,33,35,44,63,55,56,45,944,22,25,44,41,41,27,17,30,28,22,32,34,34,40,29,33,17,20,34,48,34,47,36,30,32,26,29,24,21,42,18,24,41,40,27,24,23,31,34,24,25,27,31,41,37,24,20,22,28,49,29,34,32,50,16,23,25,27,38,34,1837
39,15.36,1,5,4,2,4,7,5,4,4,6,5,6,3,7,4,5,2,1,7,3,3,4,6,4,5,4,4,5,6,5,1,3,5,5,133,2,4,2,3,3,4,3,2,2,3,3,1,4,3,3,1,3,3,2,1,2,3,4,3,64,3,3,3,3,3,0,3,3,3,3,3,3,3,3,1,3,3,0,3,3,3,55,38,46,63,49,46,80,59,56,52,54,51,55,51,42,57,49,37,27,61,47,1020,41,34,28,31,37,24,47,31,32,27,22,32,23,26,47,34,38,39,28,30,29,28,39,31,36,29,33,32,28,10,28,25,29,38,34,22,37,18,25,32,35,24,25,41,30,23,31,3,21,28,31,53,32,48,20,13,20,33,32,33,1810
40,16.8,1,4,4,3,3,6,4,6,7,6,7,7,5,7,3,7,4,7,6,6,4,2,1,7,5,6,6,7,6,7,7,2,7,7,165,4,3,2,3,3,3,2,4,4,4,4,3,3,2,4,4,2,3,2,3,4,4,3,4,77,3,3,3,0,3,3,3,0,3,3,3,3,3,3,3,3,3,3,1,0,0,49,27,65,58,42,37,48,51,51,64,56,33,42,56,63,51,29,43,39,46,40,941,24,51,21,23,34,25,34,38,33,27,29,17,22,41,23,32,28,34,38,36,29,35,28,43,22,35,38,40,34,17,27,22,23,29,24,38,37,25,17,35,25,32,26,33,25,34,28,34,27,16,21,25,33,32,21,21,31,25,37,35,1769
41,15.47,0,4,3,1,5,5,7,5,5,4,7,5,3,7,6,7,4,7,5,4,4,5,4,7,7,7,7,4,4,7,5,4,7,5,163,3,4,5,3,3,3,3,5,2,2,4,1,3,3,3,3,4,3,2,3,3,3,3,4,75,3,3,3,3,3,0,3,3,3,3,2,3,3,3,3,3,3,3,3,0,0,53,29,30,20,57,22,36,37,61,50,47,58,47,47,53,48,54,59,37,65,59,916,30,24,39,28,28,23,20,31,38,34,34,25,40,23,37,20,37,39,33,34,21,20,25,33,28,32,40,29,27,33,30,26,29,41,19,27,33,38,22,25,30,38,28,39,22,24,24,42,23,20,22,46,26,18,15,37,25,33,35,29,1771
42,15.34,0,5,4,2,6,2,7,3,5,7,4,4,3,2,4,7,7,2,2,5,7,2,5,4,5,5,4,7,5,6,6,5,4,7,142,2,2,3,3,4,3,3,4,4,5,4,2,4,2,3,2,4,3,2,3,2,3,1,1,69,3,3,3,3,3,3,3,3,3,3,3,3,0,3,3,3,3,3,3,3,0,57,42,47,53,34,48,39,39,40,37,43,20,62,48,55,26,45,35,57,46,26,842,26,39,28,39,48,25,31,26,40,30,27,15,33,21,32,42,39,16,25,43,40,30,23,28,30,41,17,27,38,9,21,36,33,33,43,27,28,33,23,25,19,32,24,21,30,32,31,19,22,28,19,25,41,38,35,39,32,30,14,36,1777
43,17,0,5,4,1,5,6,7,4,3,5,2,2,3,5,3,6,4,7,7,5,4,3,3,5,7,6,5,7,4,6,4,7,5,4,144,3,4,4,2,2,2,4,3,1,2,3,3,3,3,4,3,3,3,4,4,4,4,3,2,73,3,3,2,3,3,3,3,3,3,3,3,3,3,0,3,2,1,3,3,3,3,56,53,34,56,36,40,50,46,47,59,38,28,63,60,27,27,57,48,43,35,50,897,33,35,25,40,14,23,31,26,9,30,28,31,35,51,54,29,23,43,37,27,28,26,35,20,32,36,37,19,30,33,34,31,28,36,26,35,42,44,37,36,21,45,27,31,33,38,22,22,28,34,47,22,33,31,27,24,29,39,17,38,1877
44,16.59,1,5,3,1,4,7,1,3,6,4,4,6,6,5,4,6,6,1,4,3,4,2,2,7,5,1,7,4,6,5,4,6,7,2,132,4,3,1,2,3,2,4,4,2,3,4,3,3,3,4,1,5,5,4,4,2,5,2,3,76,3,3,0,3,3,3,0,3,3,3,3,3,3,3,3,3,3,3,3,3,0,54,22,40,33,48,42,29,65,41,53,46,43,33,45,46,24,77,20,38,49,34,828,32,30,28,39,23,16,34,27,26,27,34,35,33,33,31,29,30,26,27,43,28,22,43,42,29,27,16,26,35,30,25,37,34,39,18,23,34,41,35,34,24,33,31,35,35,31,28,19,31,33,30,30,33,37,51,35,38,42,43,40,1900
45,16.84,0,4,3,3,5,3,5,4,7,4,5,2,5,5,6,1,5,6,7,6,6,2,5,5,5,4,5,5,4,3,7,5,6,5,143,2,3,3,1,3,4,3,3,3,3,3,3,2,3,4,4,3,2,2,2,2,4,3,4,69,3,3,3,3,3,3,2,3,3,3,3,3,3,3,3,3,3,3,3,3,3,62,36,60,58,56,52,36,80,42,28,49,58,45,39,34,49,54,40,47,48,34,945,29,15,31,35,32,48,29,25,21,22,15,21,28,24,22,35,32,33,29,32,35,35,38,32,22,38,32,40,11,7,39,18,30,25,33,29,24,25,44,19,26,43,36,3,30,33,28,24,28,44,21,26,30,32,30,41,22,29,26,22,1708
46,16.72,0,5,4,2,3,3,3,2,2,7,6,5,2,7,1,4,3,1,7,7,4,4,7,6,7,7,4,6,6,2,5,7,3,5,136,4,4,1,3,2,5,3,5,4,4,3,2,4,5,3,4,4,4,4,3,3,3,3,2,82,3,3,3,0,0,3,3,3,3,3,2,3,3,3,3,3,3,3,3,3,3,56,31,40,61,69,26,48,39,80,24,31,35,38,54,33,58,50,23,38,28,46,852,32,35,33,22,24,34,30,26,23,18,28,28,31,22,47,29,28,33,36,30,27,26,35,38,38,39,19,35,25,29,26,28,18,18,29,34,25,29,35,30,41,34,20,31,31,45,35,35,21,30,36,21,37,20,23,19,27,35,16,29,1758
47,17,1,5,3,1,4,3,6,2,5,7,7,6,4,3,3,4,6,7,4,7,4,4,7,3,5,7,4,7,1,5,7,1,5,2,140,2,4,2,3,2,1,3,2,3,3,5,2,4,2,2,2,2,4,3,5,2,3,3,4,68,3,3,3,3,1,3,3,3,3,0,3,3,3,3,3,3,3,3,3,3,3,58,38,40,38,47,60,45,35,52,53,36,30,41,28,46,32,55,32,40,51,31,830,30,22,37,36,24,23,27,33,33,30,23,40,42,48,19,19,37,22,31,29,36,43,31,35,19,15,29,35,22,43,22,26,37,31,30,33,38,28,29,36,22,25,32,39,40,29,24,43,36,23,23,24,41,36,26,22,38,41,13,30,1830
48,15.28,1,4,4,2,4,7,6,5,5,2,3,5,3,7,5,2,5,3,6,6,1,5,4,7,7,7,1,6,3,4,4,5,7,6,141,2,3,3,3,4,3,3,4,4,4,3,2,3,3,2,4,3,1,2,5,3,1,3,4,72,3,3,3,0,3,3,3,3,3,0,0,3,3,0,3,3,3,3,2,3,3,50,36,37,39,59,52,43,46,50,33,62,40,61,33,39,57,30,41,44,26,48,876,29,37,28,35,27,43,20,20,26,15,28,20,28,27,41,32,39,25,39,41,23,40,17,35,25,25,13,28,34,29,19,38,35,39,22,43,16,40,34,27,26,27,32,16,29,45,25,27,20,26,34,29,27,36,34,28,35,27,42,18,1765
49,15.42,0,5,2,2,3,7,7,6,6,7,5,3,5,2,6,6,6,6,6,7,6,7,3,5,5,6,3,3,2,4,2,7,5,6,152,4,2,2,3,4,3,3,3,1,4,3,5,2,5,1,3,4,2,2,2,2,4,2,4,70,3,3,3,3,3,3,3,3,3,3,3,0,3,3,2,3,3,3,3,3,3,59,40,46,39,57,49,37,32,57,60,45,34,39,51,35,46,37,56,38,54,27,879,24,35,28,32,36,34,30,25,34,39,30,20,39,19,32,12,27,35,34,24,36,40,22,19,40,30,27,35,34,31,27,13,36,34,17,16,33,28,31,34,30,33,31,42,31,39,42,28,27,34,34,25,28,30,30,31,41,25,32,38,1823
50,14.8,0,4,5,4,6,5,5,6,7,7,4,5,6,3,7,5,2,5,3,1,7,4,3,6,5,7,7,3,7,6,1,4,6,5,148,4,2,3,3,2,2,3,4,2,3,3,4,2,4,4,3,4,3,3,2,3,3,4,2,72,1,3,3,3,3,3,3,3,0,1,3,3,3,3,3,3,3,3,3,3,3,56,37,48,55,51,51,65,50,55,65,34,58,42,35,50,60,29,27,49,45,51,957,33,43,33,34,25,33,39,12,33,30,32,10,32,42,24,24,24,26,23,34,21,39,32,13,24,39,16,29,19,29,28,41,17,26,19,34,17,30,30,38,14,38,38,22,38,22,30,31,37,31,25,24,33,8,26,24,24,26,30,36,1684
51,14.12,1,5,2,3,5,1,7,3,6,5,7,3,3,7,4,3,7,3,3,2,7,3,7,6,4,3,6,6,4,4,6,4,7,1,137,3,3,4,4,5,3,3,4,2,4,3,2,5,2,3,3,2,4,3,4,3,4,5,3,81,3,3,3,3,3,3,3,3,3,3,3,3,3,3,0,3,3,3,3,3,3,60,40,55,58,35,42,60,45,26,50,20,57,52,42,46,41,60,53,54,56,66,958,18,26,40,19,25,21,29,43,24,23,25,35,41,31,25,22,28,13,31,18,30,32,26,35,32,42,24,50,33,25,34,20,49,32,28,29,31,33,29,21,30,30,39,26,37,25,29,30,23,45,36,32,33,43,29,27,28,43,27,32,1816
52,15.81,0,4,2,1,7,7,7,3,5,3,3,6,4,2,5,7,4,4,6,4,7,2,7,6,6,4,3,7,6,6,1,2,3,6,143,2,3,4,3,4,3,1,3,4,3,1,2,2,2,3,3,2,5,3,3,3,4,5,3,71,3,3,0,3,3,3,0,3,3,3,0,3,3,3,3,3,3,3,3,3,3,54,41,43,42,39,41,26,32,49,49,41,36,28,36,58,58,40,43,47,37,43,829,27,38,34,25,32,43,32,27,44,32,41,20,22,37,36,20,19,19,43,21,37,28,42,28,38,34,35,29,22,34,29,36,27,30,24,39,34,21,36,36,23,30,23,25,37,18,31,14,30,35,40,33,32,23,43,35,31,34,36,42,1866
53,17,0,4,3,4,5,2,6,4,3,2,4,6,7,5,4,5,5,3,4,6,6,7,7,7,7,5,7,7,7,5,6,6,5,5,158,1,4,5,4,2,2,4,3,4,5,5,2,5,3,3,3,2,4,4,4,5,3,3,3,83,3,0,2,3,3,3,3,3,3,3,3,3,3,3,3,3,3,3,3,0,3,56,52,39,39,60,43,42,49,52,50,63,42,57,41,62,43,39,54,42,48,54,971,22,42,50,36,23,28,25,38,36,12,18,28,21,34,39,22,18,42,33,26,27,32,17,27,32,22,17,34,30,29,30,27,34,32,25,34,36,28,33,24,29,28,20,24,43,21,20,41,35,40,25,31,25,36,21,41,24,26,52,32,1777
54,15.4,0,4,1,2,6,3,5,4,4,7,4,7,7,6,4,5,5,3,7,6,7,3,4,7,7,3,3,7,5,6,6,7,7,5,160,3,4,3,3,4,4,3,2,3,3,3,3,3,3,3,3,4,3,2,3,4,3,4,3,76,3,3,3,3,0,3,3,3,3,3,3,3,3,3,3,3,3,3,3,0,3,57,48,35,48,50,51,37,47,61,21,48,48,48,44,28,68,80,59,52,58,41,972,29,26,42,28,41,39,29,23,37,20,32,31,40,26,14,40,23,31,30,34,19,34,40,21,33,26,22,12,19,40,19,23,36,33,31,26,30,28,42,22,21,22,34,39,30,31,28,26,28,10,23,24,21,32,23,34,24,27,36,15,1699
55,15.21,1,4,3,1,6,5,6,2,7,4,5,7,7,5,5,3,3,4,7,4,7,4,5,1,3,1,7,4,3,6,4,5,5,7,142,3,2,3,3,5,5,3,4,5,3,2,5,3,5,4,4,2,1,2,2,5,2,3,2,78,3,3,3,0,3,3,3,3,3,3,3,3,3,1,3,3,3,3,3,3,3,58,32,39,58,35,39,30,58,37,43,31,68,46,41,34,36,59,34,45,48,32,845,27,25,22,22,24,39,27,35,18,12,25,30,29,32,27,35,43,31,25,45,31,36,25,20,7,40,35,41,36,26,38,26,35,39,44,49,23,24,24,20,30,23,27,37,36,16,32,16,36,39,19,22,17,13,24,21,30,17,30,23,1700
56,14.66,1,5,2,3,7,7,5,7,7,5,7,2,5,5,2,4,4,5,4,3,4,5,4,2,3,7,7,5,2,4,7,3,1,6,139,1,2,3,3,3,3,1,2,2,3,3,1,3,3,2,2,2,4,2,3,3,4,4,2,61,3,3,3,3,3,3,3,3,3,0,3,2,3,3,3,0,3,3,0,3,3,53,50,24,63,37,25,21,42,50,70,24,44,61,23,80,53,57,40,57,35,51,907,27,38,32,29,34,15,47,26,28,33,34,34,35,40,20,13,25,36,21,22,25,30,34,24,30,23,27,27,14,36,28,30,32,34,47,27,26,15,23,36,36,29,36,34,34,32,34,32,20,37,21,39,22,41,38,26,32,45,41,41,1827
57,15.43,1,5,2,2,4,2,5,5,6,5,7,6,6,3,5,6,6,1,4,3,7,5,7,4,6,5,6,6,5,6,1,3,2,1,138,1,3,3,3,4,2,4,1,5,2,3,2,3,2,5,3,3,2,3,2,3,2,3,3,67,0,3,3,3,3,3,3,3,3,3,3,3,0,0,1,0,3,3,3,3,3,49,52,28,33,33,45,31,31,54,45,52,54,65,43,39,33,34,40,58,51,47,868,36,26,2,31,25,33,35,36,16,18,38,40,48,35,27,43,23,13,32,38,41,36,37,38,38,24,16,14,25,39,20,16,38,18,21,31,33,29,40,36,35,39,30,34,20,30,40,29,32,26,44,12,24,25,19,16,34,24,29,26,1753
58,15.69,1,4,2,4,5,7,7,7,3,6,1,7,6,3,2,7,3,7,5,5,7,5,6,5,5,6,4,7,5,1,3,6,5,4,150,3,3,3,3,3,3,5,2,2,3,2,4,5,3,3,2,2,3,2,2,5,1,3,5,72,0,3,3,0,2,3,3,3,3,1,3,3,3,3,3,3,3,0,3,3,3,51,36,54,57,42,44,42,69,41,54,47,20,50,20,45,51,64,20,50,37,55,898,34,24,22,31,24,32,31,35,30,50,36,23,27,25,38,31,27,17,40,32,45,32,39,37,35,35,47,49,17,34,39,20,18,17,39,32,24,27,40,25,27,42,33,26,30,30,26,38,33,41,31,32,30,31,19,26,37,18,26,33,1869
59,15.84,1,5,1,1,6,7,5,5,6,3,5,3,5,7,7,7,6,6,3,5,7,6,7,4,7,7,6,5,6,3,4,6,2,1,157,3,3,3,3,3,4,4,5,3,3,3,5,4,3,3,3,3,3,4,3,3,3,3,3,80,3,3,3,3,2,3,3,3,0,3,3,3,3,3,3,3,3,3,3,3,3,59,53,32,36,49,51,46,42,24,53,49,35,52,35,50,49,54,35,48,44,69,906,30,36,33,25,20,21,32,29,11,34,34,6,42,41,20,26,30,43,18,32,43,15,32,27,19,23,35,51,19,29,29,31,25,25,24,15,49,38,14,40,33,33,27,24,36,31,33,33,24,21,17,30,17,25,23,25,37,24,23,31,1693
60,16.13,0,4,4,2,7,3,4,4,6,3,4,3,3,7,6,5,6,6,6,6,6,1,2,6,7,4,3,7,2,6,7,6,5,4,145,3,2,2,3,5,1,3,4,5,4,2,4,3,4,3,2,3,2,3,1,2,3,4,2,70,3,3,3,3,2,3,3,2,3,3,3,3,3,3,3,3,3,0,3,3,3,58,47,68,28,47,44,40,66,35,34,35,51,49,35,65,47,37,53,53,31,37,902,35,29,22,35,24,39,41,13,36,19,41,27,28,10,20,31,37,25,27,33,32,30,26,16,21,36,38,29,26,42,38,33,40,46,27,30,43,38,32,25,31,43,34,26,42,28,28,37,42,24,23,11,29,29,28,52,25,25,41,26,1844
61,15.37,0,5,4,3,2,6,7,5,4,2,3,5,5,4,4,7,2,7,5,4,7,5,4,3,5,6,7,4,4,2,6,2,7,5,139,3,2,4,3,2,3,3,3,4,4,1,1,3,2,4,3,2,2,3,4,4,3,3,3,69,0,3,3,3,3,3,3,3,3,3,2,3,3,3,3,3,3,3,3,0,3,56,43,55,49,39,43,50,32,45,44,40,44,43,37,23,52,60,39,47,46,24,855,38,18,23,35,29,36,24,26,38,27,34,36,32,32,22,26,30,37,44,32,29,27,42,32,30,32,28,26,31,33,26,30,32,38,38,17,30,23,17,28,17,26,19,35,28,23,32,28,40,31,34,45,24,30,15,40,29,21,19,24,1768
62,14.93,1,4,4,2,7,7,4,5,4,5,3,5,5,6,4,6,6,7,4,3,5,5,2,6,6,7,4,4,7,4,7,3,4,6,151,2,5,4,3,5,3,1,2,3,1,4,3,4,4,3,2,2,4,3,2,4,4,3,2,73,3,3,3,3,3,3,3,3,0,3,3,3,3,3,3,3,3,3,3,0,3,57,48,26,48,43,49,55,30,24,35,50,51,38,38,41,47,40,32,39,37,29,800,35,24,37,35,33,18,36,18,25,32,19,28,27,40,22,32,44,29,24,27,30,30,26,29,42,31,23,37,9,36,33,21,28,31,42,29,20,27,27,34,37,25,36,32,34,28,19,21,36,25,34,20,27,21,27,20,27,29,26,18,1712
63,15.69,0,4,5,2,2,4,5,6,4,7,7,7,5,6,3,5,5,5,7,3,1,4,6,5,4,5,4,7,4,4,4,7,5,6,147,3,3,2,5,4,5,3,2,2,3,2,3,3,3,4,4,3,3,2,4,3,3,2,2,73,3,3,3,3,3,3,3,3,3,3,3,3,3,3,3,3,3,3,3,3,3,63,33,52,50,66,27,67,62,57,44,51,51,52,36,62,44,39,39,31,49,54,966,21,31,16,48,26,39,25,22,22,27,19,31,29,19,36,24,25,45,27,28,30,5,27,28,29,44,36,31,26,18,36,20,37,28,28,23,30,46,18,26,35,28,37,45,23,34,27,30,36,38,33,39,26,36,15,39,23,29,31,32,1762
64,17,0,5,3,2,5,1,4,7,7,1,5,7,5,4,6,5,5,7,6,5,2,6,5,3,2,3,4,5,3,7,4,7,6,4,141,2,4,2,4,3,5,2,3,4,3,3,5,3,5,5,5,3,3,3,3,4,4,3,2,83,3,0,3,3,3,3,0,3,3,1,0,3,3,3,3,3,3,3,3,3,1,50,46,29,50,40,51,44,49,43,45,48,66,49,57,45,56,62,38,53,42,57,970,50,23,30,27,27,10,31,47,15,29,28,36,28,34,27,41,25,43,27,33,36,31,30,37,21,37,38,35,31,19,30,27,42,30,12,29,35,37,37,27,35,22,25,39,35,15,19,36,25,17,35,18,26,16,35,29,39,26,20,43,1787
65,15.52,1,5,3,1,6,3,4,5,5,4,1,6,7,7,2,2,4,3,7,5,2,2,7,7,1,1,5,3,4,4,3,6,7,1,124,3,4,3,3,3,2,3,4,3,3,4,5,5,3,4,4,3,1,2,3,4,4,3,2,78,3,0,3,1,3,3,3,3,3,3,3,3,3,3,3,3,3,3,3,3,3,58,36,28,49,60,66,39,35,35,47,47,48,29,39,55,48,63,37,65,47,46,919,28,24,40,31,20,25,30,26,21,41,29,32,26,31,30,24,32,32,40,21,24,30,44,32,33,28,36,24,32,36,27,47,40,35,30,37,28,28,36,24,34,44,30,40,41,37,39,28,34,36,32,42,32,45,24,29,23,26,27,22,1899
66,16.02,1,4,3,2,6,3,4,5,7,3,3,4,3,7,7,1,7,7,6,3,7,5,7,6,5,4,5,4,7,4,6,5,4,4,149,2,2,3,3,3,3,4,2,3,3,2,3,2,3,3,4,3,4,5,3,4,3,2,3,72,3,3,3,0,3,3,3,3,3,3,3,3,3,3,3,3,3,3,3,3,3,60,35,39,34,50,43,47,46,41,56,29,51,48,46,42,25,42,20,45,42,44,825,22,32,16,29,32,34,11,17,29,30,27,33,7,26,22,27,25,33,36,23,39,22,36,26,43,28,36,29,29,21,36,34,24,32,26,39,19,37,40,28,25,27,17,33,26,32,29,39,21,16,28,21,33,50,31,36,16,17,26,41,1699
67,15.23,0,5,5,2,6,3,5,3,6,5,5,4,5,5,2,3,3,3,3,3,6,4,4,7,7,6,4,3,5,7,6,4,2,7,136,3,2,3,4,3,4,3,4,4,3,4,4,2,4,2,3,5,2,5,2,3,2,3,3,77,3,0,1,3,3,3,3,3,3,3,3,3,3,3,3,3,0,3,0,3,3,52,50,39,44,35,38,51,29,73,72,52,37,50,56,69,39,24,63,52,23,33,929,27,19,38,26,26,18,26,19,23,22,41,40,22,32,35,35,19,46,29,44,31,28,33,39,37,41,29,34,30,50,36,27,29,42,27,29,19,22,37,28,22,24,27,18,42,12,39,38,30,33,30,28,53,34,26,35,17,26,37,32,1838
68,14.98,0,5,4,1,3,5,5,6,6,6,3,3,5,3,5,3,6,7,6,4,2,4,6,7,1,6,7,4,2,5,5,7,2,6,140,3,1,3,2,3,3,3,1,2,3,2,2,2,3,1,3,2,5,2,3,1,2,4,5,61,0,3,0,3,0,3,3,3,2,3,3,0,3,3,3,3,3,3,3,3,3,50,60,68,63,56,65,54,47,49,53,58,52,37,56,47,36,28,20,50,68,59,1026,40,27,27,42,48,24,44,31,37,29,35,31,23,41,26,35,24,26,16,33,39,24,25,21,40,39,25,22,29,22,45,33,27,20,28,30,23,32,38,20,33,33,18,22,30,18,32,39,31,35,34,45,37,21,28,33,37,14,18,16,1795
69,16.03,1,5,4,2,7,7,6,3,7,5,3,7,3,4,5,6,4,4,3,4,6,3,1,7,1,7,6,4,7,7,5,5,7,1,145,3,3,2,3,3,2,2,4,3,2,1,5,3,2,4,5,1,2,2,4,2,2,3,3,66,3,3,3,0,0,1,3,3,3,3,0,3,3,3,3,2,3,3,3,3,3,51,44,30,20,20,35,63,39,60,54,51,46,38,27,61,61,53,68,58,55,64,947,35,39,28,29,31,33,15,23,34,39,33,33,37,31,30,30,45,31,34,14,19,51,38,27,35,39,31,34,22,41,23,18,30,21,30,40,25,28,27,21,34,22,43,35,34,36,15,27,22,41,33,39,36,39,32,32,19,26,30,27,1846
70,16.15,0,4,2,2,6,4,2,1,3,5,7,6,7,4,3,2,3,5,5,5,6,3,5,4,7,3,3,7,4,7,7,5,7,2,138,3,3,3,3,1,4,4,2,2,2,4,2,2,3,2,3,3,4,3,2,5,3,3,1,67,3,3,3,3,3,3,3,3,3,3,3,3,3,3,3,0,0,3,3,0,3,54,39,55,45,50,60,50,47,31,39,33,46,56,33,48,51,35,62,48,54,40,922,36,25,26,23,29,34,29,37,27,28,40,32,19,39,36,24,28,32,18,36,36,25,35,34,22,25,37,27,35,26,30,36,31,35,23,40,28,28,43,27,35,38,17,41,18,22,35,27,34,33,33,18,38,38,34,41,31,16,23,31,1824
71,14,1,5,3,2,6,7,5,4,3,4,4,7,3,6,2,5,7,6,6,5,3,6,2,4,4,4,6,6,1,2,6,3,5,7,139,4,2,3,2,4,5,4,3,2,4,3,4,5,3,3,4,4,2,4,3,3,3,2,3,79,3,0,3,3,3,3,3,3,3,3,0,3,3,3,3,3,3,3,3,3,3,57,58,52,41,55,45,58,51,50,38,35,29,39,47,71,50,49,36,55,39,37,935,24,24,27,4,31,31,43,39,20,38,30,36,25,23,34,33,31,36,32,31,20,22,33,38,38,30,45,25,13,36,30,41,35,31,40,25,27,32,26,51,25,22,39,35,25,42,31,30,28,37,27,30,17,26,31,19,35,27,31,32,1819
72,15.77,0,5,3,1,7,7,6,5,5,6,2,3,5,4,7,3,6,6,3,3,6,7,7,5,6,3,6,6,2,7,7,4,6,1,151,2,3,2,1,3,3,3,4,3,3,4,2,3,4,3,2,3,4,3,5,3,3,4,2,72,3,3,1,3,2,3,3,3,3,3,3,3,0,3,2,0,3,3,3,3,3,53,47,28,34,48,25,54,41,44,40,59,63,41,62,48,45,54,56,31,29,39,888,24,46,35,36,28,29,29,20,30,42,34,23,24,18,26,11,20,38,37,25,37,34,29,37,40,39,25,53,34,0,32,27,31,36,34,28,37,27,35,25,24,31,29,33,22,45,21,29,29,24,28,21,25,47,12,43,28,26,30,27,1789
73,14.9,0,4,2,2,7,7,7,5,6,4,7,6,5,7,6,7,1,4,4,4,4,7,2,3,7,4,6,2,4,5,7,5,7,2,152,3,4,4,4,2,3,5,3,3,4,4,3,2,4,2,2,4,5,2,2,3,4,3,3,78,3,3,3,3,3,3,3,3,3,3,3,3,3,0,3,2,1,3,1,3,3,55,24,57,47,48,58,50,20,28,45,58,55,37,23,28,21,40,51,56,50,47,843,40,38,27,45,35,29,35,23,32,28,40,41,13,40,31,26,29,29,27,42,12,27,41,32,28,36,25,30,25,25,44,28,19,26,33,33,24,19,30,25,21,27,24,39,27,34,39,22,27,38,39,20,34,25,20,28,18,26,34,39,1793
74,16.49,1,4,3,2,7,5,6,6,3,7,6,6,3,5,7,4,6,5,7,7,2,4,6,6,3,4,7,7,4,3,3,5,7,2,153,4,4,3,2,3,4,4,4,5,3,3,3,3,2,3,3,2,2,4,3,4,4,4,4,80,0,3,3,3,0,3,3,3,3,3,3,3,3,3,3,3,3,3,3,3,3,57,33,36,30,28,60,51,42,43,42,24,38,41,36,36,43,28,45,53,69,31,809,42,29,26,50,25,38,34,29,22,30,23,35,39,30,21,29,32,19,29,21,43,18,43,30,19,31,34,21,29,27,27,42,29,27,33,33,31,39,26,42,35,18,26,39,38,32,42,48,53,26,27,29,27,29,32,37,17,32,19,24,1857
75,16.18,0,4,3,2,7,7,3,5,5,7,7,4,7,2,6,5,2,4,7,7,6,5,7,5,7,7,4,4,3,5,4,7,6,5,160,3,4,3,4,2,2,4,1,3,4,3,4,4,4,3,4,2,3,3,2,2,2,3,2,71,3,3,3,3,3,3,3,3,3,3,3,3,3,3,3,3,3,3,3,3,3,63,59,35,48,42,28,36,46,32,32,50,46,36,42,24,57,35,23,38,44,29,782,28,20,34,30,34,41,30,31,16,31,24,44,26,48,35,30,29,36,32,31,18,41,22,35,27,22,22,21,38,32,23,43,28,37,32,31,41,48,24,34,34,22,22,30,41,36,18,29,38,24,31,24,34,18,22,30,22,30,14,32,1800
76,15.35,0,4,4,1,6,6,5,5,7,2,7,2,5,5,3,5,5,7,5,7,1,6,7,3,4,5,3,2,3,2,2,2,6,6,134,1,4,3,4,3,1,4,2,4,2,4,2,2,3,4,3,3,3,3,2,4,2,3,2,68,3,3,3,3,3,3,3,0,3,3,3,3,3,3,2,3,3,3,3,3,3,59,36,36,45,44,37,56,63,48,27,44,56,60,44,20,45,48,52,36,50,22,869,26,33,33,23,19,38,38,13,24,38,24,3,38,34,36,27,19,36,24,29,37,33,32,22,50,38,30,20,34,27,34,40,21,41,38,26,32,35,37,33,34,41,25,30,43,27,22,33,28,31,30,17,29,33,25,31,30,37,40,45,1846
77,15.89,0,4,2,2,6,6,5,6,6,2,7,1,6,7,6,2,7,4,6,7,5,6,7,3,7,6,5,2,5,2,6,7,5,4,154,4,5,3,1,3,4,2,2,1,5,4,2,3,2,4,3,3,3,3,2,4,3,3,3,72,3,3,3,3,0,3,3,3,3,0,3,3,3,3,3,3,3,3,3,3,3,57,51,48,34,39,29,47,50,53,29,26,41,53,62,48,55,61,59,48,54,41,928,26,28,22,18,29,27,33,32,37,20,30,28,27,33,38,37,35,36,31,20,20,31,46,28,32,19,22,41,25,35,24,24,34,25,20,23,29,21,38,37,33,35,31,29,37,46,29,25,21,32,17,45,38,33,24,15,34,44,34,24,1787
78,15.83,0,5,4,2,7,3,5,6,2,5,7,5,3,6,7,6,7,4,5,7,5,4,3,5,4,6,3,7,7,5,5,5,4,5,153,4,5,2,2,3,3,4,3,2,3,3,3,2,3,5,4,4,2,2,2,1,3,3,4,72,0,3,3,3,3,0,3,3,3,3,0,3,3,3,3,3,3,3,3,3,3,54,47,22,40,58,44,39,43,45,38,37,50,59,47,46,54,41,42,53,41,49,895,28,26,29,28,21,26,37,20,29,33,29,26,31,35,32,22,32,27,33,42,33,33,30,31,26,30,21,32,37,32,30,16,27,34,28,25,29,35,39,36,35,27,31,21,28,30,27,20,20,30,14,23,35,17,39,36,33,32,29,27,1744
79,15.98,0,4,5,2,3,5,2,4,7,7,7,4,7,4,6,1,6,7,7,6,7,5,3,6,1,4,4,4,7,6,4,6,7,7,154,4,3,2,2,3,3,4,4,5,5,3,1,2,2,5,2,5,2,4,4,4,4,4,3,80,3,3,0,3,3,0,3,3,3,3,3,3,3,3,3,3,3,3,3,0,0,51,42,73,49,26,60,49,45,49,28,42,56,31,48,51,58,50,46,28,52,49,932,31,31,17,36,23,33,36,39,29,32,29,34,28,29,31,35,22,39,31,28,24,23,41,30,31,24,30,27,42,38,29,13,25,40,26,13,25,26,32,28,31,21,30,29,40,36,29,32,23,37,27,34,32,15,26,21,24,39,47,29,1782
80,15.71,1,4,2,2,5,7,7,6,7,5,4,4,6,5,6,5,4,6,3,3,6,5,7,3,6,7,7,5,3,7,5,1,4,6,155,2,4,2,3,3,4,3,5,3,3,4,5,2,3,1,3,4,2,3,4,4,1,3,3,74,0,3,3,3,0,3,0,3,3,3,3,0,3,3,3,3,3,3,3,3,3,51,31,53,32,61,30,43,38,38,45,47,52,50,51,48,49,40,46,20,41,39,854,20,25,20,45,33,37,17,36,34,30,18,53,46,19,32,41,34,28,26,37,28,19,23,32,8,38,40,30,28,32,26,47,22,33,26,34,39,30,32,27,36,27,30,36,40,27,19,38,17,41,32,22,37,21,19,30,32,28,41,34,1832
81,14.69,1,5,3,1,5,5,5,7,7,7,7,1,2,4,7,5,4,5,7,5,7,5,5,7,5,7,7,5,7,2,1,6,6,7,160,3,2,3,3,4,1,1,3,5,4,3,3,3,3,4,3,3,2,2,4,2,3,2,4,70,3,0,3,3,3,3,3,0,3,3,3,3,3,3,3,3,3,3,3,3,3,57,43,42,52,56,52,48,54,50,34,40,25,62,35,42,36,45,38,69,39,49,911,12,35,40,29,26,34,46,36,34,35,36,14,35,26,31,20,34,22,37,14,28,25,32,36,24,31,29,13,36,45,23,36,32,37,48,30,36,34,35,35,39,20,46,20,42,26,24,11,20,27,35,29,32,45,31,34,20,30,28,31,1831
82,16.09,1,5,4,1,6,7,3,6,5,4,7,6,7,3,2,3,3,6,6,2,7,7,5,6,5,4,5,3,5,5,5,4,7,4,148,1,3,4,2,2,5,5,4,3,1,3,4,3,2,5,4,1,5,3,4,4,3,2,5,78,0,3,3,3,3,3,3,3,3,3,3,0,3,3,3,3,0,3,3,3,2,53,51,53,39,51,31,47,34,45,45,53,40,42,49,44,49,34,41,46,45,49,888,22,28,32,30,28,35,31,11,31,25,26,35,35,29,47,20,31,45,39,37,35,28,41,44,25,31,28,29,44,33,25,46,22,39,31,24,31,23,22,35,16,40,39,27,45,23,30,28,9,23,42,32,39,22,43,36,34,44,25,27,1877
83,15.52,1,5,3,2,1,6,5,1,5,5,6,3,3,2,7,4,4,5,6,2,7,7,4,5,7,3,4,5,3,5,3,1,4,7,130,2,5,3,3,4,3,2,4,3,3,4,5,3,4,1,4,5,4,3,2,3,3,5,2,80,3,3,0,3,3,3,3,3,3,0,3,3,3,3,3,3,3,2,3,3,3,56,40,49,56,46,36,59,80,27,47,39,44,46,54,45,48,47,38,53,43,24,921,29,28,33,24,26,21,34,46,30,31,27,6,25,29,26,38,29,25,25,30,47,29,35,22,36,22,27,10,32,17,22,37,39,25,25,29,27,23,27,36,28,40,37,47,23,23,33,40,28,24,26,34,21,13,21,32,29,43,20,35,1726
84,14.83,0,5,1,2,3,5,5,2,4,5,6,3,4,3,6,4,7,4,5,7,4,5,6,5,3,4,3,5,7,7,6,6,5,7,146,3,3,5,3,3,3,3,3,3,3,3,2,5,5,3,2,4,2,3,3,4,3,2,3,76,3,3,2,3,3,3,3,3,3,0,3,3,3,3,3,3,3,0,3,3,3,56,60,27,68,53,60,57,51,37,59,56,29,40,67,34,65,41,53,36,64,48,1005,39,19,13,22,26,29,23,34,38,35,44,25,20,29,25,26,33,41,34,39,37,25,27,16,38,26,34,26,29,27,40,30,21,27,38,36,32,29,43,37,35,34,31,30,26,29,33,38,34,32,45,25,20,40,17,18,32,37,37,45,1850
85,14.37,0,4,3,1,4,6,4,7,6,7,6,4,5,4,7,6,5,7,7,2,3,5,5,7,7,3,4,5,5,5,7,6,4,7,160,2,4,5,5,3,2,2,3,4,2,4,4,4,5,3,4,2,4,2,3,4,3,3,4,81,3,3,3,3,3,0,3,3,0,3,0,3,3,3,3,3,3,3,0,3,3,51,23,41,56,52,49,56,36,44,71,40,58,42,67,58,43,38,37,65,49,64,989,31,25,40,35,33,30,33,30,42,29,27,40,30,29,43,28,31,13,13,34,17,34,36,28,22,31,26,21,33,20,27,35,38,34,26,29,43,30,41,42,33,39,22,17,35,34,15,25,26,31,30,23,33,29,26,38,31,26,27,35,1804
86,16.24,1,5,3,2,6,6,7,4,4,6,1,5,7,2,7,6,6,6,5,7,7,7,4,4,3,5,7,7,3,4,7,5,5,4,157,3,3,2,3,3,3,4,1,2,3,5,3,4,4,3,3,3,4,2,1,3,4,3,4,73,3,3,3,3,3,3,3,3,3,3,3,3,3,3,3,3,3,3,3,3,0,60,34,50,42,38,62,49,61,37,28,69,56,54,40,47,24,43,34,46,43,42,899,42,23,40,23,41,33,20,33,35,46,21,38,38,31,18,24,27,26,35,28,41,42,25,17,45,37,42,23,27,40,38,29,34,39,26,32,37,15,20,44,30,31,29,27,26,23,37,25,42,35,21,6,33,30,39,34,29,49,20,24,1865
87,16.14,1,4,1,2,7,5,5,3,7,5,5,4,1,7,7,5,7,6,4,7,6,5,5,5,6,4,7,4,6,1,7,6,1,7,155,2,3,3,2,3,2,3,3,4,4,2,3,4,2,5,4,2,3,4,3,5,2,2,3,73,0,3,3,0,3,3,3,3,3,3,3,3,3,3,0,3,3,3,3,3,3,54,48,49,48,46,55,41,39,41,38,55,42,34,41,52,30,32,37,57,50,49,884,21,41,35,26,24,27,37,41,28,42,27,22,37,41,32,37,17,32,32,38,22,36,31,22,42,34,22,30,35,33,39,37,44,34,23,28,24,13,36,26,27,39,27,22,24,28,16,27,30,24,42,33,24,28,32,26,35,45,35,24,1836
88,16.69,1,4,5,3,4,1,4,5,5,7,5,6,4,5,7,5,4,2,4,2,6,7,6,5,7,7,3,7,7,5,1,5,5,7,148,2,3,2,3,4,4,4,1,2,4,3,1,3,2,3,1,4,3,2,5,3,4,4,4,71,0,3,2,3,3,3,0,3,3,3,0,3,3,3,1,2,3,3,3,3,3,50,21,51,64,44,54,47,37,55,57,45,39,40,20,51,54,41,63,43,55,34,915,16,29,39,35,27,19,33,35,33,27,35,24,34,35,18,39,36,27,36,40,20,30,33,24,24,19,15,32,29,28,34,40,24,31,27,22,29,29,38,32,31,36,30,26,16,35,35,46,35,25,27,18,32,31,33,34,22,27,24,36,1776
89,16.82,0,4,3,1,7,3,3,5,4,4,7,7,5,5,1,7,7,5,2,5,6,5,5,7,6,5,4,3,2,6,5,6,3,6,146,3,4,2,5,5,3,2,5,3,4,1,3,1,4,4,4,2,2,5,3,3,2,2,4,76,3,3,3,3,3,3,3,1,0,3,0,3,3,3,1,3,2,3,3,3,3,52,43,55,65,48,45,32,49,20,45,38,37,38,52,29,37,31,50,46,27,53,840,23,41,34,22,23,36,33,40,28,28,20,40,22,26,33,20,29,26,19,43,17,32,39,35,43,26,38,27,17,34,40,41,39,38,36,30,29,24,30,26,34,17,12,28,23,38,36,30,30,32,33,18,29,28,20,25,26,35,15,46,1782
90,16.96,0,5,2,1,6,5,5,7,7,6,4,4,7,3,2,4,5,7,2,5,7,6,7,3,7,2,3,5,6,6,4,7,1,4,147,5,2,3,4,2,2,3,4,4,1,4,5,3,4,5,3,4,2,3,2,2,3,4,2,76,3,3,3,3,3,3,3,3,3,3,3,3,3,3,3,3,3,3,3,0,3,60,51,66,53,38,52,40,36,42,60,34,58,54,38,36,42,44,66,45,35,53,943,43,20,20,20,24,39,23,35,39,25,38,22,22,24,42,43,23,49,25,21,30,39,18,29,24,22,25,34,26,42,38,28,34,39,31,28,26,28,23,15,20,32,34,48,37,32,29,37,28,28,37,24,38,41,39,27,43,36,40,35,1861
91,15.32,0,5,5,3,5,3,5,2,5,5,7,3,7,7,7,7,4,4,7,4,2,2,7,4,5,7,7,4,5,6,7,4,4,5,151,3,3,5,2,5,4,1,4,2,4,3,4,3,3,2,1,3,2,3,3,3,3,2,5,73,3,3,3,3,3,3,3,3,3,3,3,3,3,3,3,3,3,3,0,3,3,60,53,59,64,25,44,62,48,20,41,48,36,34,50,41,61,43,41,20,53,46,889,23,32,26,37,41,24,28,14,40,38,40,18,35,33,29,27,27,38,24,26,37,41,34,39,35,40,28,31,28,21,27,23,34,40,32,11,33,39,27,34,25,28,28,38,28,35,38,23,20,23,27,27,27,25,26,44,29,36,48,42,1851
92,15.23,1,4,3,3,5,4,7,1,3,7,5,1,2,7,6,6,5,5,6,7,3,3,6,3,2,3,6,4,3,6,3,6,1,4,130,2,2,1,2,3,4,3,2,3,3,3,3,4,3,2,4,3,3,1,2,2,2,3,2,62,0,3,3,3,3,1,3,3,3,2,3,3,3,3,3,3,3,3,3,3,0,54,52,39,36,24,31,30,64,39,34,41,63,20,50,39,41,42,60,26,35,40,806,20,28,46,36,35,30,41,29,29,42,36,10,30,34,47,35,21,23,22,31,30,34,28,29,19,32,27,34,36,34,38,18,26,19,27,22,23,34,45,37,41,24,36,34,30,22,43,33,27,32,34,35,30,17,36,33,41,38,34,30,1867
93,16.3,0,4,3,1,4,7,7,7,5,3,4,6,7,4,6,6,2,5,4,6,6,7,6,4,3,7,6,5,3,2,4,1,5,5,147,3,2,2,4,2,3,3,2,3,4,4,5,3,3,3,4,2,4,2,3,4,3,3,4,75,3,3,3,3,3,3,1,3,3,3,3,3,3,3,3,3,1,0,1,3,3,54,62,69,34,65,49,51,37,27,51,23,32,42,27,53,44,47,41,46,62,47,909,19,19,31,33,27,48,18,28,36,33,41,25,30,27,25,34,21,39,36,25,38,32,38,45,22,44,12,32,28,17,29,21,25,30,50,26,30,36,32,29,26,33,29,19,37,22,36,32,24,28,31,20,30,25,26,32,31,28,24,42,1786
94,17,0,4,3,2,4,6,7,3,4,5,6,5,5,7,5,2,7,6,4,7,5,1,4,4,7,5,6,3,3,3,2,4,3,3,136,3,1,4,5,4,5,2,4,2,3,3,4,1,4,3,3,2,1,4,4,3,2,3,3,73,3,3,3,3,3,3,1,3,1,3,0,3,3,3,3,3,3,3,3,3,3,56,49,37,41,44,34,56,41,33,20,28,55,45,54,63,39,62,51,37,48,34,871,51,28,28,16,23,29,43,37,25,22,29,29,22,33,20,27,31,25,30,30,42,38,27,37,35,19,15,19,40,33,18,31,38,27,36,42,35,14,20,26,43,18,43,37,42,31,22,18,24,38,28,16,45,21,38,44,12,31,35,22,1778
95,16.66,0,5,3,1,6,2,5,2,7,7,7,7,7,6,6,6,7,6,4,4,3,3,6,6,7,7,6,5,5,5,5,7,7,6,167,3,3,4,3,2,3,3,2,3,2,2,3,2,3,4,4,4,3,2,4,4,2,1,3,69,3,3,3,3,3,3,3,3,3,3,3,3,3,3,3,3,3,3,3,1,3,61,36,46,36,29,46,50,58,52,57,54,43,49,31,52,42,44,35,20,45,51,876,42,33,32,37,25,20,33,29,22,33,19,21,46,26,31,25,36,25,22,35,44,35,34,40,42,20,26,30,32,19,17,20,25,36,31,23,19,30,24,28,24,29,29,19,30,35,40,28,35,40,32,38,44,43,37,32,32,32,37,27,1830
96,15.23,0,5,3,2,5,2,3,7,5,5,7,7,6,3,7,3,6,4,3,1,5,4,3,3,4,3,3,2,4,7,5,4,7,7,135,4,3,4,1,3,4,4,1,3,3,4,4,4,3,3,3,2,2,3,2,4,3,2,2,71,0,3,3,3,3,3,3,0,3,3,3,3,3,3,3,3,3,2,3,3,3,56,39,50,53,51,48,53,53,50,33,32,52,39,31,48,30,27,26,30,51,26,822,35,27,32,33,13,17,35,26,34,33,28,51,21,38,37,46,26,40,26,22,38,24,33,29,24,28,34,45,19,23,46,27,25,27,28,19,26,40,44,17,35,18,36,31,31,29,23,48,25,26,28,32,19,20,24,22,33,21,24,36,1777
97,16.54,0,4,2,2,7,4,5,7,4,7,7,5,7,6,6,2,7,7,4,4,4,4,5,6,4,6,1,4,7,1,6,6,7,6,156,3,2,2,2,3,3,4,3,2,4,4,3,3,3,2,2,5,2,2,4,3,1,4,4,70,2,3,3,0,0,3,3,1,0,3,3,3,3,3,3,1,3,3,0,3,3,46,66,39,49,56,31,45,30,20,54,32,41,58,52,34,40,35,53,53,37,30,855,31,31,25,34,35,24,26,17,22,37,20,30,31,33,25,30,16,16,30,28,24,35,28,25,42,27,26,23,30,41,26,26,41,33,24,42,25,28,38,29,42,30,24,34,34,27,30,33,31,32,23,28,25,25,25,41,41,14,28,28,1749
98,15.36,0,5,3,3,7,7,7,5,5,6,4,4,4,4,4,5,4,3,3,3,3,7,5,6,3,2,6,6,5,3,3,6,7,4,141,3,3,1,2,4,5,4,4,2,1,2,3,2,2,4,4,4,3,2,4,4,2,1,2,68,3,3,3,3,3,3,3,0,3,3,3,3,3,3,3,3,0,3,3,3,3,57,25,61,48,41,40,40,43,32,45,50,57,67,41,51,41,55,58,33,51,51,930,32,40,14,31,25,17,34,32,37,31,30,34,30,29,25,43,41,34,31,28,35,20,29,25,37,25,34,24,24,44,28,25,35,28,35,30,30,32,29,38,29,51,29,24,44,41,24,28,24,19,28,37,27,41,27,28,26,43,47,32,1874
99,16.04,1,4,3,3,6,4,2,6,5,7,4,7,7,3,7,4,7,6,6,6,7,3,3,4,4,7,7,4,2,6,7,5,7,5,158,3,5,2,3,2,4,4,3,2,3,4,2,3,3,2,4,2,4,5,4,3,4,3,1,75,0,3,3,3,3,3,0,3,3,3,3,3,3,3,3,3,3,3,3,3,3,57,36,35,54,50,46,35,36,62,38,24,39,55,52,44,41,48,44,20,63,55,877,25,28,33,41,44,38,25,13,42,27,32,30,34,27,41,34,30,21,29,43,20,24,31,32,36,34,23,31,33,37,16,33,33,43,45,35,22,42,32,24,33,24,32,27,27,37,30,26,26,32,31,27,21,22,31,49,29,40,30,35,1872
100,16.83,0,5,5,1,4,7,5,4,5,5,5,5,2,6,5,4,6,7,5,2,5,4,7,6,3,3,4,3,4,2,5,7,7,5,142,3,3,4,4,3,3,3,3,3,3,3,4,4,3,3,2,3,4,3,1,3,3,5,3,76,3,3,3,3,3,3,3,3,3,3,3,3,1,3,3,3,0,3,3,3,3,58,48,37,58,24,47,60,27,32,48,60,43,44,55,35,65,20,27,73,43,54,900,34,34,25,24,21,32,14,22,31,19,30,45,33,31,32,35,20,36,39,28,25,32,30,30,29,42,21,28,38,26,39,21,20,25,40,36,35,27,30,29,31,18,29,32,22,31,26,34,29,30,35,42,28,38,47,14,24,35,36,38,1807
